{
  "project_info": {
    "project_number": "500646510266",
    "firebase_url": "https://emptrack-203107.firebaseio.com",
    "project_id": "emptrack-203107",
    "storage_bucket": "emptrack-203107.appspot.com"
  },
  "client": [
    {
      "client_info": {
        "mobilesdk_app_id": "1:500646510266:android:5458e94f447e542f",
        "android_client_info": {
          "package_name": "com.example.acer.oets"
        }
      },
      "oauth_client": [
        {
          "client_id": "500646510266-74fbrbe14tqngod9091n4d176b6hko3i.apps.googleusercontent.com",
          "client_type": 3
        }
      ],
      "api_key": [
        {
          "current_key": "AIzaSyBM8NpA7UwNwZrexDM66HDwczRK0K592Jo"
        }
      ],
      "services": {
        "analytics_service": {
          "status": 1
        },
        "appinvite_service": {
          "status": 1,
          "other_platform_oauth_client": []
        },
        "ads_service": {
          "status": 2
        }
      }
    }
  ],
  "configuration_version": "1"
}